﻿<?xml version="1.0" encoding="utf-8" ?>
<hibernate-mapping xmlns="urn:nhibernate-mapping-2.2">
	<class name="NHibernateWebSample.Employees, NHibernateWebSample" table="Employees">
		<id name="EmpId" column="EmpId" type="Int32">
			<generator class="identity" />
		</id>
		<property name="FirstName" column="FirstName" type="String" length="50"/>
		<property name="SecondName" column="SecondName" type="String" length="50"/>
		<property name="DepId" column="DepId" type="String" length="10"/>
		<one-to-one name="empInfo" access="field"/>
	</class>
	<class name="NHibernateWebSample.EmployeeInfos, NHibernateWebSample" table="EmployeeInfos">
		<id name="EmpId" column="EmpId" type="Int32">
			<generator class="assigned" />
		</id>
		<property name="EmailId" column="EmailId" type="String" length="50"/>
		<property name="Address" column="Address" type="String" length="50"/>
		<property name="DOJ" column="DOJ" type="DateTime"/>
	</class>
</hibernate-mapping>
