﻿<?xml version="1.0" encoding="utf-8" ?>
<hibernate-mapping xmlns="urn:nhibernate-mapping-2.2">
	<class name="NHibernateWebSample.EmployeeInfos, NHibernateWebSample" table="EmployeeInfos">
		<id name="EmpId" column="EmpId" type="Int32">
			<generator class="assigned" />
		</id>
		<property name="EmailId" column="EmailId" type="String" length="50"/>
		<property name="Address" column="Address" type="String" length="50"/>
		<property name="DOJ" column="DOJ" type="DateTime"/>
	</class>
</hibernate-mapping>